<?xml version="1.0" encoding="UTF-8" ?>
<!DOCTYPE mapper
        PUBLIC "-//mybatis.org//DTD Mapper 3.0//EN"
        "http://mybatis.org/dtd/mybatis-3-mapper.dtd">
<mapper namespace="com.ruoyi.system.mapper.WeixiuMapper">

    <resultMap type="Weixiu" id="WeixiuResult">
        <result property="id"    column="id"    />
        <result property="ownerName"    column="owner_name"    />
        <result property="roomNumber"    column="room_number"    />
        <result property="repairProject"    column="repair_project"    />
        <result property="paymentAmount"    column="payment_amount"    />
        <result property="recordDate"    column="record_date"    />
    </resultMap>

    <sql id="selectWeixiuVo">
        select id, owner_name, room_number, repair_project, payment_amount, record_date from weixiu
    </sql>

    <select id="selectWeixiuList" parameterType="Weixiu" resultMap="WeixiuResult">
        <include refid="selectWeixiuVo"/>
        <where>
            <if test="ownerName != null  and ownerName != ''"> and owner_name like concat('%', #{ownerName}, '%')</if>
            <if test="roomNumber != null  and roomNumber != ''"> and room_number = #{roomNumber}</if>
            <if test="repairProject != null  and repairProject != ''"> and repair_project = #{repairProject}</if>
            <if test="paymentAmount != null "> and payment_amount = #{paymentAmount}</if>
            <if test="recordDate != null "> and record_date = #{recordDate}</if>
        </where>
    </select>

    <select id="selectWeixiuById" parameterType="Long" resultMap="WeixiuResult">
        <include refid="selectWeixiuVo"/>
        where id = #{id}
    </select>

    <insert id="insertWeixiu" parameterType="Weixiu" useGeneratedKeys="true" keyProperty="id">
        insert into weixiu
        <trim prefix="(" suffix=")" suffixOverrides=",">
            <if test="ownerName != null and ownerName != ''">owner_name,</if>
            <if test="roomNumber != null and roomNumber != ''">room_number,</if>
            <if test="repairProject != null">repair_project,</if>
            <if test="paymentAmount != null">payment_amount,</if>
            <if test="recordDate != null">record_date,</if>
        </trim>
        <trim prefix="values (" suffix=")" suffixOverrides=",">
            <if test="ownerName != null and ownerName != ''">#{ownerName},</if>
            <if test="roomNumber != null and roomNumber != ''">#{roomNumber},</if>
            <if test="repairProject != null">#{repairProject},</if>
            <if test="paymentAmount != null">#{paymentAmount},</if>
            <if test="recordDate != null">#{recordDate},</if>
        </trim>
    </insert>

    <update id="updateWeixiu" parameterType="Weixiu">
        update weixiu
        <trim prefix="SET" suffixOverrides=",">
            <if test="ownerName != null and ownerName != ''">owner_name = #{ownerName},</if>
            <if test="roomNumber != null and roomNumber != ''">room_number = #{roomNumber},</if>
            <if test="repairProject != null">repair_project = #{repairProject},</if>
            <if test="paymentAmount != null">payment_amount = #{paymentAmount},</if>
            <if test="recordDate != null">record_date = #{recordDate},</if>
        </trim>
        where id = #{id}
    </update>

    <delete id="deleteWeixiuById" parameterType="Long">
        delete from weixiu where id = #{id}
    </delete>

    <delete id="deleteWeixiuByIds" parameterType="String">
        delete from weixiu where id in
        <foreach item="id" collection="array" open="(" separator="," close=")">
            #{id}
        </foreach>
    </delete>
</mapper>