<?xml version="1.0" encoding="UTF-8" ?>
<!DOCTYPE mapper
        PUBLIC "-//mybatis.org//DTD Mapper 3.0//EN"
        "http://mybatis.org/dtd/mybatis-3-mapper.dtd">
<mapper namespace="com.ruoyi.system.mapper.TousuMapper">

    <resultMap type="Tousu" id="TousuResult">
        <result property="id"    column="id"    />
        <result property="tousuName"    column="tousu_name"    />
        <result property="tousuPhone"    column="tousu_phone"    />
        <result property="tousuObject"    column="tousu_object"    />
        <result property="tousuContent"    column="tousu_content"    />
    </resultMap>

    <sql id="selectTousuVo">
        select id, tousu_name, tousu_phone, tousu_object, tousu_content from tousu
    </sql>

    <select id="selectTousuList" parameterType="Tousu" resultMap="TousuResult">
        <include refid="selectTousuVo"/>
        <where>
            <if test="tousuName != null  and tousuName != ''"> and tousu_name like concat('%', #{tousuName}, '%')</if>
            <if test="tousuPhone != null  and tousuPhone != ''"> and tousu_phone = #{tousuPhone}</if>
            <if test="tousuObject != null  and tousuObject != ''"> and tousu_object = #{tousuObject}</if>
            <if test="tousuContent != null  and tousuContent != ''"> and tousu_content = #{tousuContent}</if>
        </where>
    </select>

    <select id="selectTousuById" parameterType="Long" resultMap="TousuResult">
        <include refid="selectTousuVo"/>
        where id = #{id}
    </select>

    <insert id="insertTousu" parameterType="Tousu" useGeneratedKeys="true" keyProperty="id">
        insert into tousu
        <trim prefix="(" suffix=")" suffixOverrides=",">
            <if test="tousuName != null">tousu_name,</if>
            <if test="tousuPhone != null">tousu_phone,</if>
            <if test="tousuObject != null">tousu_object,</if>
            <if test="tousuContent != null">tousu_content,</if>
        </trim>
        <trim prefix="values (" suffix=")" suffixOverrides=",">
            <if test="tousuName != null">#{tousuName},</if>
            <if test="tousuPhone != null">#{tousuPhone},</if>
            <if test="tousuObject != null">#{tousuObject},</if>
            <if test="tousuContent != null">#{tousuContent},</if>
        </trim>
    </insert>

    <update id="updateTousu" parameterType="Tousu">
        update tousu
        <trim prefix="SET" suffixOverrides=",">
            <if test="tousuName != null">tousu_name = #{tousuName},</if>
            <if test="tousuPhone != null">tousu_phone = #{tousuPhone},</if>
            <if test="tousuObject != null">tousu_object = #{tousuObject},</if>
            <if test="tousuContent != null">tousu_content = #{tousuContent},</if>
        </trim>
        where id = #{id}
    </update>

    <delete id="deleteTousuById" parameterType="Long">
        delete from tousu where id = #{id}
    </delete>

    <delete id="deleteTousuByIds" parameterType="String">
        delete from tousu where id in
        <foreach item="id" collection="array" open="(" separator="," close=")">
            #{id}
        </foreach>
    </delete>
</mapper>