{
	"pages": [{
		"path": "pages/login",
		"style": {
			"navigationBarTitleText": "登录"
		}
	}, {
		"path": "pages/register",
		"style": {
			"navigationBarTitleText": "注册"
		}
	}, {
		"path": "pages/index/index",
		"style": {
			"navigationBarTitleText": "物业移动端框架",
			"navigationStyle": "custom"
		}
	}, {
		"path": "pages/repair/repair",
		"style": {
			"navigationBarTitleText": "物业维修"
		},
		"window": {
			"backgroundTextStyle": "light",
			"navigationBarBackgroundColor": "#fff",
			"navigationBarTitleText": "联系物业",
			"navigationBarTextStyle": "black"
		}
	}, {
		"path": "pages/contact/contact",
		"style": {
			"navigationBarTitleText": "联系物业"
		}
	}, {
		"path": "pages/money/money",
		"style": {
			"navigationBarTitleText": "物业费用"
		}
	}, {
		"path": "pages/maintenance/maintenance",
		"style": {
			"navigationBarTitleText": "维修费用"
		}
	}, {
		"path": "pages/parking/parking",
		"window": {
			"backgroundTextStyle": "light",
			"navigationBarBackgroundColor": "#fff",
			"navigationBarTitleText": "智能停车助手",
			"navigationBarTextStyle": "black"
		}
	}, {
		"path": "pages/doorControl/doorControl",
		"style": {
			"navigationBarTitleText": "一键开门"
		}
	}, {
		"path": "pages/parking/findGarage",
		"style": {
			"navigationBarTitleText": "寻找车库"
		}
	}, {
		"path": "pages/noticeDetail/noticeDetail",
		"style": {
			"navigationBarTitleText": "活动通知"
		}
	}, {
		"path": "pages/parking/garageNavigation",
		"window": {
		        "backgroundTextStyle": "light",
		        "navigationBarBackgroundColor": "#fff",
		        "navigationBarTitleText": "开始导航",
		        "navigationBarTextStyle": "black"
		    }
	}, {
		"path": "pages/parking/parkingCharge",
		"style": {
			"navigationBarTitleText": "停车缴费"
		}
	}, {
		"path": "pages/work/index",
		"style": {
			"navigationBarTitleText": "工作台"
		}
	}, {
		"path": "pages/mine/index",
		"style": {
			"navigationBarTitleText": "我的"
		}
	}, {
		"path": "pages/mine/avatar/index",
		"style": {
			"navigationBarTitleText": "修改头像"
		}
	}, {
		"path": "pages/mine/info/index",
		"style": {
			"navigationBarTitleText": "个人信息"
		}
	}, {
		"path": "pages/mine/info/edit",
		"style": {
			"navigationBarTitleText": "编辑资料"
		}
	}, {
		"path": "pages/mine/pwd/index",
		"style": {
			"navigationBarTitleText": "修改密码"
		}
	}, {
		"path": "pages/mine/setting/index",
		"style": {
			"navigationBarTitleText": "应用设置"
		}
	}, {
		"path": "pages/mine/help/index",
		"style": {
			"navigationBarTitleText": "常见问题"
		}
	}, {
		"path": "pages/mine/about/index",
		"style": {
			"navigationBarTitleText": "关于我们"
		}
	}, {
		"path": "pages/common/webview/index",
		"style": {
			"navigationBarTitleText": "浏览网页"
		}
	}, {
		"path": "pages/common/textview/index",
		"style": {
			"navigationBarTitleText": "浏览文本"
		}
	}],
	"tabBar": {
		"color": "#000000",
		"selectedColor": "#000000",
		"borderStyle": "white",
		"backgroundColor": "#ffffff",
		"list": [{
			"pagePath": "pages/index/index",
			"iconPath": "static/images/tabbar/home.png",
			"selectedIconPath": "static/images/tabbar/home_.png",
			"text": "首页"
		}, {
			"pagePath": "pages/work/index",
			"iconPath": "static/images/tabbar/work.png",
			"selectedIconPath": "static/images/tabbar/work_.png",
			"text": "工作台"
		}, {
			"pagePath": "pages/mine/index",
			"iconPath": "static/images/tabbar/mine.png",
			"selectedIconPath": "static/images/tabbar/mine_.png",
			"text": "我的"
		}]
	},
	"globalStyle": {
		"navigationBarTextStyle": "black",
		"navigationBarTitleText": "智慧物业",
		"navigationBarBackgroundColor": "#FFFFFF"
	}
}